RGS_DateTime,BeltStatus,RGS_Ver_Sw,RGS_Dsw,RGS_Cfg,RGS_Indig,RGS_Corrente_R,StDevAdj_lag1_IR,StDev_lag10_IR,TransitionPhase,RGS_Corrente_S,RGS_Corrente_T,Tensione,RGS_Temp_Ext,RGS_Umidita,RGS_Temp_Int,RGS_CO2,RGS_Cosfi,RGS_Velocita,Potenza
2018-10-09 06:53:00.000,Off,11,1,259,312,0,0,Na,Na,0,0,0,18,67,15,531,0,0,0
2018-10-09 06:54:00.000,Off,11,1,259,312,0,0,Na,Na,0,0,0,18,67,15,531,0,0,0
2018-10-09 06:55:00.000,Off,11,1,259,272,0,0,Na,Na,0,0,388,18,67,15,526,1000,0,0
2018-10-09 06:55:00.000,Off,11,1,259,272,0,0,Na,Na,0,0,0,18,67,15,526,1000,360,0
2018-10-09 06:55:00.000,30Hz,11,1,259,272,60,0,Na,Na,60,59,395,18,67,15,526,1000,360,4082.15507830525
2018-10-09 06:56:00.000,30Hz,11,1,259,292,19,28.9913780286484,Na,Na,22,20,393,18,66,15,520,760,351,1051.9021682495
2018-10-09 06:57:00.000,30Hz,11,1,259,276,19,0,Na,Na,22,20,394,18,66,15,520,749,352,1039.31512409079
2018-10-09 06:58:00.000,30Hz,11,1,259,276,19,0,Na,Na,22,20,395,19,66,15,514,753,352,1047.51748163014
2018-10-09 06:59:00.000,30Hz,11,1,259,276,19,0,Na,Na,22,20,392,19,66,17,513,762,352,1051.98669232891
2018-10-09 07:00:00.000,30Hz,11,1,259,260,19,0,18.2650242570633,Na,21,20,393,19,66,17,513,753,351,1025.1281268661
2018-10-09 07:01:00.000,Transition,11,1,259,260,19,0,17.4432412890112,0,22,20,395,19,66,17,514,745,351,1036.38847784124
2018-10-09 07:02:00.000,Transition,11,1,259,276,19,0,16.3370744014955,0,21,20,392,19,65,17,513,746,352,1013.01416351796
2018-10-09 07:03:00.000,Transition,11,1,259,276,19,0,14.8832493465342,0,21,20,394,19,65,17,513,739,351,1008.6286108732
2018-10-09 07:04:00.000,Transition,11,1,259,308,19,0,12.9653384066904,0,21,20,393,19,65,17,513,746,351,1015.59838332286
2018-10-09 07:05:00.000,30Hz,11,1,259,260,19,0,0,1,21,20,392,19,65,17,513,754,351,1023.87758618304
2018-10-09 07:06:00.000,30Hz,11,1,259,292,19,0,0,1,21,20,394,19,65,17,513,746,350,1018.18260312775
2018-10-09 07:07:00.000,30Hz,11,1,259,292,19,0,0,1,21,20,394,19,65,17,513,736,351,1004.53404276411
2018-10-09 07:08:00.000,30Hz,11,1,259,276,19,0,0,1,21,20,393,19,65,17,513,743,351,1011.51420751861
2018-10-09 07:09:00.000,30Hz,11,1,259,308,19,0,0,1,21,20,393,19,65,17,513,738,350,1004.70724784486
2018-10-09 07:10:00.000,30Hz,11,1,259,260,19,0,0,1,21,20,393,19,65,17,513,739,351,1006.06863977961
2018-10-09 07:11:00.000,30Hz,11,1,259,272,19,0,0,1,21,20,393,19,65,17,512,744,350,1012.87559945336
2018-10-09 07:12:00.000,30Hz,11,1,259,272,19,0,0,1,21,20,393,19,64,19,513,749,350,1019.6825591271
2018-10-09 07:13:00.000,30Hz,11,1,259,272,19,0,0,1,21,20,391,19,64,19,513,760,350,1029.39243595434
2018-10-09 07:14:00.000,30Hz,11,1,259,304,19,0,0,1,21,20,393,19,64,19,513,751,350,1022.4053429966
2018-10-09 07:15:00.000,30Hz,11,1,259,272,19,0,0,1,21,20,395,19,64,19,513,751,350,1027.60842362254
2018-10-09 07:16:00.000,30Hz,11,1,259,272,19,0,0,1,21,20,392,19,64,19,513,753,350,1022.5196583499
2018-10-09 07:17:00.000,30Hz,11,1,259,288,19,0,0,1,21,20,393,19,64,19,512,757,350,1030.5736946051
2018-10-09 07:18:00.000,30Hz,11,1,259,304,19,0,0,1,21,20,392,19,64,19,513,754,351,1023.87758618304
2018-10-09 07:19:00.000,30Hz,11,1,259,272,19,0,0,1,21,20,392,19,64,19,513,757,350,1027.95136968244
2018-10-09 07:20:00.000,30Hz,11,1,259,304,19,0,0,1,21,20,391,19,64,19,513,764,350,1034.81029088041
2018-10-09 07:21:00.000,30Hz,11,1,259,288,19,0,0,1,21,20,391,19,64,19,513,765,350,1036.16475461193
2018-10-09 07:22:00.000,30Hz,11,1,259,304,19,0,0,1,21,20,392,19,64,19,513,767,351,1041.53064801378
2018-10-09 07:23:00.000,30Hz,11,1,259,276,19,0,0,1,21,20,390,19,64,19,513,775,350,1047.02471317539
2018-10-09 07:24:00.000,30Hz,11,1,259,288,19,0,0,1,21,20,397,19,64,19,514,747,350,1027.31051088364
2018-10-09 07:25:00.000,30Hz,11,1,259,276,19,0,0,1,21,20,395,19,64,19,513,750,350,1026.24010348456
2018-10-09 07:26:00.000,30Hz,11,1,259,272,19,0,0,1,21,20,396,19,64,19,513,745,351,1021.97925849794
2018-10-09 07:27:00.000,30Hz,11,1,259,292,19,0,0,1,21,20,396,19,64,19,513,743,351,1019.23569001875
2018-10-09 07:28:00.000,30Hz,11,1,259,276,19,0,0,1,21,20,395,19,64,19,513,753,350,1030.3450638985
2018-10-09 07:29:00.000,30Hz,11,1,259,276,19,0,0,1,21,20,396,19,64,19,513,752,349,1031.5817481751
2018-10-09 07:30:00.000,30Hz,11,1,259,308,19,0,0,1,21,20,393,19,64,19,513,754,350,1026.48951880085
2018-10-09 07:31:00.000,30Hz,11,1,259,276,19,0,0,1,21,20,395,19,64,19,511,743,350,1016.6618625187
2018-10-09 07:32:00.000,30Hz,11,1,259,308,19,0,0,1,21,20,394,19,64,19,513,741,350,1011.35832294593
2018-10-09 07:33:00.000,30Hz,11,1,259,276,19,0,0,1,21,20,395,19,64,19,514,757,349,1035.81834445042
2018-10-09 07:34:00.000,30Hz,11,1,259,276,19,0,0,1,21,20,395,19,64,19,513,743,350,1016.6618625187
2018-10-09 07:35:00.000,30Hz,11,1,259,276,19,0,0,1,21,20,394,19,64,19,513,749,350,1022.27717123684
2018-10-09 07:36:00.000,30Hz,11,1,259,276,19,0,0,1,21,20,392,19,64,19,514,748,349,1015.73001918423
2018-10-09 07:37:00.000,30Hz,11,1,259,272,19,0,0,1,21,20,394,19,63,19,514,758,350,1034.56087556412
2018-10-09 07:38:00.000,30Hz,11,1,259,292,19,0,0,1,21,20,393,19,63,19,513,751,349,1022.4053429966
2018-10-09 07:39:00.000,30Hz,11,1,259,272,19,0,0,1,21,20,396,19,63,19,513,750,350,1028.83817969591
2018-10-09 07:40:00.000,30Hz,11,1,259,272,19,0,0,1,21,20,392,19,63,19,513,744,349,1010.2983078517
2018-10-09 07:41:00.000,30Hz,11,1,259,288,19,0,0,1,21,20,393,19,63,19,511,752,350,1023.76673493135
2018-10-09 07:42:00.000,30Hz,11,1,259,288,19,0,0,1,21,20,395,19,63,19,513,747,350,1022.13514307062
2018-10-09 07:43:00.000,30Hz,11,1,259,256,19,0,0,1,21,20,393,19,63,19,513,737,349,1003.34585591011
2018-10-09 07:44:00.000,30Hz,11,1,259,304,19,0,0,1,21,20,396,19,63,19,513,741,350,1016.49212153956
2018-10-09 07:45:00.000,30Hz,11,1,259,256,19,0,0,1,21,20,394,19,63,19,513,735,350,1003.16918672774
2018-10-09 07:46:00.000,30Hz,11,1,259,304,19,0,0,1,21,20,396,19,63,19,514,742,350,1017.86390577916
2018-10-09 07:47:00.000,30Hz,11,1,259,272,19,0,0,1,21,19,392,19,63,19,513,741,349,989.454115613089
2018-10-09 07:48:00.000,30Hz,11,1,259,256,19,0,0,1,21,20,395,19,63,19,513,745,350,1019.39850279466
2018-10-09 07:49:00.000,30Hz,11,1,259,288,19,0,0,1,21,20,395,19,63,19,513,748,349,1023.5034632086
2018-10-09 07:50:00.000,30Hz,11,1,259,288,19,0,0,1,21,20,391,19,63,19,513,750,350,1015.84779863915
2018-10-09 07:51:00.000,30Hz,11,1,259,288,19,0,0,1,21,19,393,19,63,19,513,755,349,1010.72006222334
2018-10-09 07:52:00.000,30Hz,11,1,259,276,19,0,0,1,21,20,394,19,63,19,513,737,349,1005.89889880047
2018-10-09 07:53:00.000,30Hz,11,1,259,276,19,0,0,1,21,20,392,19,63,19,513,758,350,1029.30929751557
2018-10-09 07:54:00.000,30Hz,11,1,259,292,19,0,0,1,21,20,393,19,63,19,513,749,349,1019.6825591271
2018-10-09 07:55:00.000,30Hz,11,1,259,292,19,0,0,1,21,20,393,19,63,19,513,750,350,1021.04395106185
2018-10-09 07:56:00.000,30Hz,11,1,259,276,19,0,0,1,21,20,393,19,63,19,513,762,349,1037.38065427884
2018-10-09 07:57:00.000,30Hz,11,1,259,276,19,0,0,1,21,19,392,19,63,19,513,747,349,997.46588982858
2018-10-09 07:58:00.000,30Hz,11,1,259,260,19,0,0,1,21,20,395,19,63,19,514,747,350,1022.13514307062
2018-10-09 07:59:00.000,30Hz,11,1,259,276,19,0,0,1,21,19,393,19,63,19,514,747,349,1000.01044566998
2018-10-09 08:00:00.000,30Hz,11,1,259,292,19,0,0,1,21,20,395,19,63,19,514,748,350,1023.5034632086
2018-10-09 08:01:00.000,30Hz,11,1,259,292,19,0,0,1,21,20,393,19,63,19,514,757,350,1030.5736946051
2018-10-09 08:02:00.000,30Hz,11,1,259,292,19,0,0,1,21,20,393,19,63,19,513,754,349,1026.48951880085
2018-10-09 08:03:00.000,30Hz,11,1,259,276,19,0,0,1,21,20,392,19,63,19,513,758,350,1029.30929751557
2018-10-09 08:04:00.000,30Hz,11,1,259,288,19,0,0,1,21,19,392,19,63,19,513,738,350,985.448228505344
2018-10-09 08:05:00.000,30Hz,11,1,259,288,19,0,0,1,21,20,392,19,63,19,513,765,349,1038.81479234751
2018-10-09 08:06:00.000,30Hz,11,1,259,256,19,0,0,1,21,19,390,19,63,19,513,762,349,1012.30402268686
2018-10-09 08:07:00.000,30Hz,11,1,259,288,19,0,0,1,21,20,392,19,63,19,513,760,349,1032.02515318184
2018-10-09 08:08:00.000,30Hz,11,1,259,304,19,0,0,1,21,19,390,19,63,19,513,764,349,1014.96098862567
2018-10-09 08:09:00.000,30Hz,11,1,259,272,19,0,0,1,21,19,391,19,63,19,514,759,350,1010.9040060191
2018-10-09 08:10:00.000,30Hz,11,1,259,256,19,0,0,1,21,20,392,19,63,19,513,766,349,1040.17272018064
2018-10-09 08:11:00.000,30Hz,11,1,259,256,19,0,0,1,21,19,388,19,63,19,513,760,349,1004.46937953396
2018-10-09 08:12:00.000,30Hz,11,1,259,256,19,0,0,1,21,19,390,19,63,19,513,769,349,1021.6034034727
2018-10-09 08:13:00.000,30Hz,11,1,259,288,19,0,0,1,21,19,390,19,63,19,514,763,349,1013.63250565627
2018-10-09 08:14:00.000,30Hz,11,1,259,256,19,0,0,1,21,19,392,19,63,19,513,758,349,1012.15414255698
2018-10-09 08:14:00.000,Off,11,1,259,312,0,13.4350288425444,6.00832755431992,0,0,0,0,19,63,19,513,0,333,0
2018-10-09 08:15:00.000,Off,11,1,259,312,0,0,8.01110340575989,0,0,0,0,19,63,19,513,0,0,0
2018-10-09 08:16:00.000,Off,11,1,259,312,0,0,9.17787193925331,0,0,0,0,19,63,19,513,0,0,0
2018-10-09 08:17:00.000,Off,11,1,259,312,0,0,9.81155781039212,0,0,0,0,19,63,19,518,0,0,0
2018-10-09 08:18:00.000,Off,11,1,259,312,0,0,10.0138792571999,0,0,0,0,19,63,19,531,0,0,0
2018-10-09 08:19:00.000,Off,11,1,259,312,0,0,9.81155781039212,0,0,0,0,19,63,19,526,0,0,0
2018-10-09 08:20:00.000,Off,11,1,259,312,0,0,9.17787193925331,0,0,0,0,19,63,19,526,0,0,0
2018-10-09 08:21:00.000,Off,11,1,259,312,0,0,8.0111034057599,0,0,0,0,19,63,19,526,0,0,0
2018-10-09 08:22:00.000,Off,11,1,259,312,0,0,6.00832755431992,0,0,0,0,19,63,19,528,0,0,0
2018-10-09 08:22:00.000,Off,11,1,259,272,0,0,0,0,0,0,0,19,63,19,531,776,300,0
2018-10-09 08:22:00.000,Transition,11,1,259,272,28,0,8.85437744847146,0,30,30,390,19,63,19,531,776,300,1537.61771211443
2018-10-09 08:23:00.000,Transition,11,1,259,308,19,6.36396103067893,10.1330043806256,0,21,19,390,19,63,19,531,761,350,1010.97553971746
2018-10-09 08:24:00.000,Transition,11,1,259,292,19,0,10.9056560248952,0,21,19,392,19,63,19,526,754,350,1006.81295974665
2018-10-09 08:25:00.000,Transition,11,1,259,292,19,0,11.2768198826915,0,21,19,390,19,63,19,524,759,350,1008.31857377864
2018-10-09 08:26:00.000,Transition,11,1,259,292,18,0.707106781186548,11.2056533351102,0,21,19,390,19,63,19,520,758,350,989.922462151455
2018-10-09 08:27:00.000,Transition,11,1,259,276,19,0.707106781186548,10.8709602969461,0,21,19,392,19,63,19,526,756,350,1009.48355115182
2018-10-09 08:28:00.000,Transition,11,1,259,304,19,0,10.1373895390612,0,21,19,394,19,63,19,525,740,350,993.160242461071
2018-10-09 08:29:00.000,Transition,11,1,259,308,19,0,8.90692614392492,0,21,19,394,19,63,19,520,750,351,1006.58132681865
2018-10-09 08:30:00.000,Transition,11,1,259,288,19,0,6.91937697901898,0,21,19,393,19,63,19,520,756,351,1012.05876429251
2018-10-09 08:31:00.000,Transition,11,1,259,272,19,0,2.89827534923789,0,21,19,392,19,63,19,520,749,350,1000.13648123374
2018-10-09 08:32:00.000,12Hz,11,1,259,256,19,0,0.316227766016838,1,21,19,390,19,63,19,520,761,349,1010.97553971746
2018-10-09 08:33:00.000,12Hz,11,1,259,288,18,0.707106781186548,0.421637021355784,1,21,19,389,19,63,19,520,765,350,996.50252316941
2018-10-09 08:34:00.000,12Hz,11,1,259,272,18,0,0.483045891539648,1,21,19,390,19,63,19,520,762,350,995.146327387083
2018-10-09 08:35:00.000,12Hz,11,1,259,272,19,0.707106781186548,0.483045891539648,1,21,19,388,19,63,19,518,761,350,1005.79104977019
2018-10-09 08:36:00.000,12Hz,11,1,259,272,19,0,0.421637021355784,1,21,19,390,19,63,19,520,767,349,1018.94643753389
2018-10-09 08:37:00.000,12Hz,11,1,259,288,19,0,0.421637021355784,1,21,19,390,19,63,19,520,763,350,1013.63250565627
2018-10-09 08:38:00.000,12Hz,11,1,259,272,18,0.707106781186548,0.483045891539648,1,21,19,389,19,63,19,520,758,349,987.38419942799
2018-10-09 08:39:00.000,12Hz,11,1,259,288,19,0.707106781186548,0.483045891539648,1,21,19,388,19,63,19,520,759,350,1003.14770929773
2018-10-09 08:40:00.000,12Hz,11,1,259,256,19,0,0.483045891539648,1,21,19,390,19,63,19,520,753,350,1000.34767596221
2018-10-09 08:41:00.000,12Hz,11,1,259,272,19,0,0.483045891539648,1,21,19,391,19,63,19,520,753,350,1002.91267000314
2018-10-09 08:42:00.000,12Hz,11,1,259,308,19,0,0.483045891539648,1,21,19,390,19,63,19,520,754,350,1001.67615893162
2018-10-09 08:43:00.000,12Hz,11,1,259,256,19,0,0.421637021355784,1,21,19,390,19,63,19,520,751,350,997.690710023402
2018-10-09 08:44:00.000,12Hz,11,1,259,288,19,0,0.316227766016838,1,21,19,388,19,63,19,520,763,349,1008.43439024264
2018-10-09 08:45:00.000,12Hz,11,1,259,292,18,0.707106781186548,0.421637021355784,1,20,19,388,19,63,19,520,761,350,971.69643791357
2018-10-09 08:46:00.000,12Hz,11,1,259,292,19,0.707106781186548,0.421637021355784,1,21,19,388,19,63,19,520,766,349,1012.39940095133
2018-10-09 08:47:00.000,12Hz,11,1,259,288,19,0,0.421637021355784,1,21,19,390,19,63,19,520,759,349,1008.31857377864
2018-10-09 08:48:00.000,12Hz,11,1,259,276,18,0.707106781186548,0.421637021355784,1,20,19,390,19,63,19,520,758,350,972.854833493672
2018-10-09 08:49:00.000,12Hz,11,1,259,260,18,0,0.483045891539648,1,20,19,389,19,63,19,520,755,349,966.519857664989
2018-10-09 08:50:00.000,12Hz,11,1,259,308,19,0.707106781186548,0.483045891539648,1,21,19,388,19,63,19,520,764,350,1009.75606047887
2018-10-09 08:51:00.000,12Hz,11,1,259,292,18,0.707106781186548,0.516397779494322,1,21,19,389,19,63,19,520,755,349,983.476346395953
2018-10-09 08:52:00.000,12Hz,11,1,259,260,19,0.707106781186548,0.516397779494322,1,21,19,388,19,63,19,520,765,350,1011.0777307151
2018-10-09 08:53:00.000,12Hz,11,1,259,292,19,0,0.516397779494322,1,21,19,388,19,63,19,520,768,350,1015.04274142379
2018-10-09 08:54:00.000,12Hz,11,1,259,292,18,0.707106781186548,0.52704627669473,1,21,19,390,19,63,19,520,751,349,980.780697989107
2018-10-09 08:55:00.000,12Hz,11,1,259,292,18,0,0.52704627669473,1,21,19,388,19,63,19,520,751,350,975.751053384035
2018-10-09 08:56:00.000,12Hz,11,1,259,292,19,0.707106781186548,0.52704627669473,1,21,19,388,19,63,19,520,754,350,996.539358116584
2018-10-09 08:57:00.000,12Hz,11,1,259,272,18,0.707106781186548,0.516397779494322,1,21,19,390,19,63,19,520,746,349,974.250866444572
2018-10-09 08:58:00.000,12Hz,11,1,259,292,19,0.707106781186548,0.52704627669473,1,21,19,392,19,63,19,520,746,349,996.130594125998
2018-10-09 08:59:00.000,12Hz,11,1,259,256,19,0,0.516397779494322,1,21,19,390,19,63,19,520,756,350,1004.33312487043
2018-10-09 09:00:00.000,12Hz,11,1,259,272,19,0,0.516397779494322,1,21,19,389,19,63,19,520,761,350,1008.38329474382
2018-10-09 09:01:00.000,12Hz,11,1,259,272,19,0,0.483045891539648,1,21,19,391,19,63,19,520,750,350,998.917001995161
2018-10-09 09:02:00.000,12Hz,11,1,259,304,18,0.707106781186548,0.516397779494322,1,21,19,390,19,63,19,520,750,349,979.4747316802
2018-10-09 09:03:00.000,12Hz,11,1,259,288,19,0.707106781186548,0.516397779494322,1,21,19,387,19,63,19,520,755,350,995.289221578708
2018-10-09 09:04:00.000,12Hz,11,1,259,272,19,0,0.483045891539648,1,21,19,388,19,63,19,520,755,349,997.861028352813
2018-10-09 09:05:00.000,12Hz,11,1,259,304,19,0,0.421637021355784,1,21,19,388,19,63,19,520,762,351,1007.11272000641
2018-10-09 09:06:00.000,12Hz,11,1,259,288,18,0.707106781186548,0.483045891539648,1,21,19,388,19,63,19,520,763,349,991.342281933447
2018-10-09 09:07:00.000,12Hz,11,1,259,272,18,0,0.483045891539648,1,21,19,390,20,63,19,520,758,350,989.922462151455
2018-10-09 09:08:00.000,12Hz,11,1,259,288,18,0,0.516397779494322,1,21,19,387,20,63,19,520,762,350,987.491355637952
2018-10-09 09:09:00.000,12Hz,11,1,259,288,19,0.707106781186548,0.516397779494322,1,20,19,390,20,63,19,520,756,349,987.310529533642
2018-10-09 09:10:00.000,12Hz,11,1,259,276,19,0,0.516397779494322,1,21,19,390,20,63,19,520,753,350,1000.34767596221
2018-10-09 09:11:00.000,12Hz,11,1,259,276,18,0.707106781186548,0.52704627669473,1,21,19,392,20,63,19,520,726,350,952.993753293441
2018-10-09 09:12:00.000,12Hz,11,1,259,292,19,0.707106781186548,0.516397779494322,1,21,19,393,20,63,19,520,733,350,981.268616701599
2018-10-09 09:13:00.000,12Hz,11,1,259,308,19,0,0.516397779494322,1,21,19,390,20,63,19,520,750,350,996.362227053997
2018-10-09 09:14:00.000,12Hz,11,1,259,292,18,0.707106781186548,0.52704627669473,1,21,19,390,20,63,19,520,746,349,974.250866444572
2018-10-09 09:15:00.000,12Hz,11,1,259,308,18,0,0.516397779494322,1,20,19,391,20,63,19,520,739,350,950.901262712817
2018-10-09 09:16:00.000,12Hz,11,1,259,276,19,0.707106781186548,0.52704627669473,1,21,19,393,20,63,19,520,734,351,982.607318770769
2018-10-09 09:17:00.000,12Hz,11,1,259,292,19,0,0.516397779494322,1,21,19,392,20,63,19,520,742,350,990.789411315671
2018-10-09 09:18:00.000,12Hz,11,1,259,276,19,0,0.483045891539648,1,21,19,392,20,63,19,520,738,350,985.448228505344
2018-10-09 09:19:00.000,12Hz,11,1,259,292,18,0.707106781186548,0.516397779494322,1,21,19,390,20,63,19,520,746,349,974.250866444572
2018-10-09 09:20:00.000,12Hz,11,1,259,292,19,0.707106781186548,0.516397779494322,1,21,19,388,20,63,19,520,757,350,1000.50436882527
2018-10-09 09:21:00.000,12Hz,11,1,259,308,18,0.707106781186548,0.516397779494322,1,20,19,388,20,62,19,520,742,349,947.435948662114
2018-10-09 09:22:00.000,Off,11,1,259,312,2,11.3137084989848,5.25885496620277,1,2,2,153,20,62,19,520,0,343,0
2018-10-09 09:22:00.000,Off,11,1,259,312,0,1.4142135623731,7.40870359029762,0,0,0,0,20,62,19,520,0,330,0
2018-10-09 09:23:00.000,Off,11,1,259,312,0,0,8.67691701521277,0,0,0,0,20,63,21,520,0,0,0
2018-10-09 09:24:00.000,Off,11,1,259,312,0,0,9.40685329368375,0,0,0,0,20,62,21,520,0,0,0
2018-10-09 09:25:00.000,Off,11,1,259,312,0,0,9.61769203083567,0,0,0,0,20,63,21,520,0,0,0
2018-10-09 09:26:00.000,Off,11,1,259,312,0,0,9.40685329368375,0,0,0,0,20,63,21,520,0,0,0
2018-10-09 09:27:00.000,Off,11,1,259,312,0,0,8.74388675335835,0,0,0,0,20,62,21,525,0,0,0
2018-10-09 09:28:00.000,Off,11,1,259,312,0,0,7.72370089759796,0,0,0,0,20,62,21,520,0,0,0
2018-10-09 09:29:00.000,Off,11,1,259,312,0,0,5.65685424949238,0,0,0,0,20,62,21,526,0,0,0
2018-10-09 09:29:00.000,Off,11,1,259,292,0,0,0.632455532033676,0,0,0,0,20,62,21,526,652,0,0
2018-10-09 09:29:00.000,Transition,11,1,259,292,23,0,7.27323861838727,0,16,20,391,20,62,21,526,652,0,868.391847067793
2018-10-09 09:30:00.000,Transition,11,1,259,292,14,6.36396103067893,8.08359106118342,0,16,16,393,20,62,21,526,427,213,445.674339705709
2018-10-09 09:31:00.000,Transition,11,1,259,260,14,0,8.5693251387337,0,16,16,395,20,62,19,525,395,225,414.372948451432
2018-10-09 09:32:00.000,Transition,11,1,259,292,14,0,8.78445596873629,0,16,15,393,20,62,19,525,358,212,365.533734480143
2018-10-09 09:33:00.000,Transition,11,1,259,292,14,0,8.74896819313252,0,16,16,395,20,62,19,526,362,208,379.754448960553
2018-10-09 09:34:00.000,Transition,11,1,259,276,14,0,8.45970842681157,0,16,16,395,20,62,19,526,369,208,387.097767034376
2018-10-09 09:35:00.000,Transition,11,1,259,260,13,0.707106781186548,7.84856674813943,0,15,15,388,20,62,19,526,369,204,355.439688783794
2018-10-09 09:36:00.000,Transition,11,1,259,276,13,0,6.91937697901898,0,15,15,391,20,62,19,526,357,200,346.539545709101
2018-10-09 09:37:00.000,Transition,11,1,259,272,13,0,5.51361950083609,0,16,15,388,20,62,19,525,341,191,336.10746143014
2018-10-09 09:38:00.000,Transition,11,1,259,304,13,0,3.02765035409749,0,15,15,392,20,61,19,525,338,182,328.935385446159
2018-10-09 09:39:00.000,4Hz,11,1,259,304,13,0,0.52704627669473,1,15,15,390,20,61,19,526,333,183,322.416061676524
2018-10-09 09:40:00.000,4Hz,11,1,259,272,13,0,0.516397779494322,1,15,15,389,20,61,19,523,325,174,313.863483463883
2018-10-09 09:41:00.000,4Hz,11,1,259,304,13,0,0.483045891539648,1,15,15,391,20,61,19,525,336,176,326.154866549742
2018-10-09 09:42:00.000,4Hz,11,1,259,272,13,0,0.421637021355784,1,15,15,390,20,61,19,525,326,173,315.638546866507
2018-10-09 09:43:00.000,4Hz,11,1,259,288,13,0,0.316227766016838,1,15,15,388,20,61,19,525,305,164,293.791612680371
2018-10-09 09:44:00.000,4Hz,11,1,259,304,13,0,0,1,15,15,391,20,61,19,526,292,157,283.444110215847
2018-10-09 09:45:00.000,4Hz,11,1,259,304,13,0,0,1,15,15,390,20,61,19,525,293,157,283.687405619284
2018-10-09 09:46:00.000,4Hz,11,1,259,304,13,0,0,1,15,15,390,20,61,19,525,303,163,293.369569633594
2018-10-09 09:47:00.000,4Hz,11,1,259,288,13,0,0,1,15,15,390,20,61,19,526,293,159,283.687405619284
2018-10-09 09:48:00.000,4Hz,11,1,259,276,13,0,0,1,15,15,388,20,61,19,526,298,157,287.04885435656
2018-10-09 09:49:00.000,4Hz,11,1,259,288,13,0,0,1,15,15,390,20,61,19,526,309,161,299.17886804218
2018-10-09 09:50:00.000,4Hz,11,1,259,308,13,0,0,1,15,15,390,20,61,19,525,313,180,303.051733647904
2018-10-09 09:51:00.000,4Hz,11,1,259,292,13,0,0,1,15,15,392,20,61,19,526,293,163,285.142212827588
2018-10-09 09:52:00.000,4Hz,11,1,259,292,13,0,0,1,15,15,388,20,61,19,525,297,161,286.085603167444
2018-10-09 09:53:00.000,4Hz,11,1,259,276,13,0,0,1,15,15,390,20,61,19,525,320,166,309.829248457921
2018-10-09 09:54:00.000,4Hz,11,1,259,276,13,0,0,1,15,15,387,20,61,19,526,314,157,301.681335048955
2018-10-09 09:55:00.000,4Hz,11,1,259,276,13,0,0,1,15,15,388,20,61,19,525,285,156,274.526588898052
2018-10-09 09:56:00.000,4Hz,11,1,259,276,13,0,0,1,15,15,388,20,61,19,525,305,153,293.791612680371
2018-10-09 09:57:00.000,4Hz,11,1,259,276,13,0,0,1,15,15,390,20,61,19,526,306,158,296.274218837887
2018-10-09 09:58:00.000,4Hz,11,1,259,260,13,0,0,1,15,15,390,20,61,19,525,299,153,289.49670402787
2018-10-09 09:59:00.000,4Hz,11,1,259,276,13,0,0,1,15,15,387,20,61,19,526,312,163,299.759797883038
2018-10-09 10:00:00.000,4Hz,11,1,259,276,13,0,0,1,15,15,388,20,61,19,525,279,160,268.747081763356
2018-10-09 10:01:00.000,4Hz,11,1,259,288,13,0,0,1,15,15,388,20,61,19,525,306,156,294.754863869487
2018-10-09 10:02:00.000,4Hz,11,1,259,308,13,0,0,1,15,15,388,20,61,19,525,287,158,276.453091276284
2018-10-09 10:03:00.000,4Hz,11,1,259,272,13,0,0,1,15,15,387,20,61,19,526,320,162,307.445946546706
2018-10-09 10:04:00.000,4Hz,11,1,259,304,13,0,0,1,15,15,390,20,61,19,525,313,161,303.051733647904
2018-10-09 10:05:00.000,4Hz,11,1,259,304,13,0,0,1,15,15,387,20,61,19,526,300,157,288.230574887537
2018-10-09 10:06:00.000,4Hz,11,1,259,288,12,0.707106781186548,0.316227766016838,1,15,15,388,20,61,19,526,272,150,255.911199638625
2018-10-09 10:07:00.000,4Hz,11,1,259,288,13,0.707106781186548,0.316227766016838,1,15,15,386,20,61,19,526,293,151,280.777791202676
2018-10-09 10:08:00.000,4Hz,11,1,259,288,13,0,0.316227766016838,1,15,15,388,20,61,19,526,284,144,273.563337708936
2018-10-09 10:09:00.000,4Hz,11,1,259,288,12,0.707106781186548,0.421637021355784,1,15,15,386,20,61,19,525,260,140,243.360066666658
2018-10-09 10:10:00.000,4Hz,11,1,259,256,13,0.707106781186548,0.421637021355784,1,15,15,387,20,61,19,525,273,141,262.289823147659
2018-10-09 10:11:00.000,4Hz,11,1,259,272,13,0,0.421637021355784,1,15,15,387,20,61,19,520,280,143,269.015203228368
2018-10-09 10:12:00.000,4Hz,11,1,259,272,13,0,0.421637021355784,1,15,15,388,20,61,19,520,307,155,295.718115058603
2018-10-09 10:13:00.000,4Hz,11,1,259,288,13,0,0.421637021355784,1,15,15,388,20,61,19,520,308,166,296.681366247719
2018-10-09 10:14:00.000,4Hz,11,1,259,256,13,0,0.421637021355784,1,15,15,389,20,60,19,520,306,163,295.514541353687
2018-10-09 10:14:00.000,Off,11,1,259,312,0,9.19238815542512,4.06201920231798,0,0,0,0,20,60,19,518,0,0,0
2018-10-09 10:15:00.000,Off,11,1,259,312,0,0,5.43752394630742,0,0,0,0,20,60,19,520,0,0,0
2018-10-09 10:16:00.000,Off,11,1,259,312,0,0,6.21825270205921,0,0,0,0,20,60,21,521,0,0,0
2018-10-09 10:16:00.000,Off,11,1,259,304,0,0,6.63408705935573,0,0,0,0,20,60,21,523,253,0,0
2018-10-09 10:16:00.000,NoBelt,11,1,259,304,18,0,7.30372811955952,0,16,24,392,20,60,21,523,253,0,332.103883723472
2018-10-09 10:17:00.000,NoBelt,11,1,259,272,13,3.53553390593274,7.30372811955952,0,16,15,393,20,60,21,520,140,0,139.769571967578
2018-10-09 10:18:00.000,NoBelt,11,1,259,272,13,0,7.30372811955952,0,16,15,393,20,60,21,526,139,0,138.771217882095
2018-10-09 10:19:00.000,NoBelt,11,1,259,288,13,0,7.30372811955952,0,16,15,394,20,60,21,525,140,0,140.125219733399
2018-10-09 10:20:00.000,NoBelt,11,1,259,304,13,0,7.30372811955952,0,16,15,394,20,60,21,526,131,0,131.117169893395
2018-10-09 10:21:00.000,NoBelt,11,1,259,288,13,0,7.30372811955952,0,16,15,393,20,60,21,520,132,0,131.782739283716
2018-10-09 10:22:00.000,NoBelt,11,1,259,304,13,0,6.80196050169851,0,16,15,394,20,60,21,520,132,0,132.118064320062
2018-10-09 10:23:00.000,NoBelt,11,1,259,288,13,0,5.95259047250299,0,16,15,392,20,60,21,520,139,0,138.418110457459
2018-10-09 10:24:00.000,NoBelt,11,1,259,288,13,0,4.56557164487038,0,16,15,392,20,60,21,520,132,0,131.447414247371
2018-10-09 10:25:00.000,NoBelt,11,1,259,256,13,0,1.58113883008419,0,16,15,394,20,60,21,520,129,0,129.11538104006
2018-10-09 10:26:00.000,NoBelt,11,1,259,304,13,0,0,1,16,15,395,20,60,23,525,135,0,135.463693659962
2018-10-09 10:27:00.000,NoBelt,11,1,259,292,13,0,0,1,16,15,393,20,60,23,526,132,0,131.782739283716
2018-10-09 10:28:00.000,NoBelt,11,1,259,276,13,0,0,1,16,15,393,20,60,23,525,130,0,129.786031112751
2018-10-09 10:29:00.000,NoBelt,11,1,259,292,13,0,0,1,16,15,393,20,60,23,525,134,0,133.779447454682
2018-10-09 10:30:00.000,NoBelt,11,1,259,260,13,0,0,1,16,15,395,20,60,23,525,142,0,142.487737034923
2018-10-09 10:31:00.000,NoBelt,11,1,259,276,13,0,0,1,16,15,394,20,60,23,526,130,0,130.116275466728
2018-10-09 10:32:00.000,NoBelt,11,1,259,308,13,0,0,1,16,15,393,20,60,23,525,128,0,127.789322941786
2018-10-09 10:33:00.000,NoBelt,11,1,259,292,13,0,0,1,16,15,393,20,60,23,520,128,0,127.789322941786
2018-10-09 10:34:00.000,NoBelt,11,1,259,276,13,0,0,1,16,15,394,20,60,23,521,133,0,133.118958746729
2018-10-09 10:35:00.000,NoBelt,11,1,259,276,13,0,0,1,16,15,392,20,60,23,520,122,0,121.489276804389
2018-10-09 10:36:00.000,NoBelt,11,1,259,260,13,0,0,1,16,15,392,20,60,23,520,125,0,124.476718037283
2018-10-09 10:37:00.000,NoBelt,11,1,259,260,13,0,0,1,16,15,393,20,60,23,520,125,0,124.794260685338
2018-10-09 10:38:00.000,NoBelt,11,1,259,276,13,0,0,1,16,15,392,20,59,23,520,129,0,128.459973014476
2018-10-09 10:39:00.000,NoBelt,11,1,259,276,13,0,0,1,16,15,393,20,59,23,518,130,0,129.786031112751
2018-10-09 10:39:00.000,Off,11,1,259,312,0,9.19238815542512,4.11096095821889,0,0,0,0,20,59,23,520,0,0,0
2018-10-09 10:40:00.000,Off,11,1,259,312,0,0,5.48128127762519,0,0,0,0,20,59,23,520,0,0,0
2018-10-09 10:41:00.000,Off,11,1,259,312,0,0,6.27959659001542,0,0,0,0,21,59,23,520,0,0,0
2018-10-09 10:42:00.000,Off,11,1,259,312,0,0,6.71317113342619,0,0,0,0,21,59,23,520,0,0,0
2018-10-09 10:43:00.000,Off,11,1,259,312,0,0,6.85160159703149,0,0,0,0,21,59,23,520,0,0,0
2018-10-09 10:44:00.000,Off,11,1,259,312,0,0,6.71317113342619,0,0,0,0,21,59,23,520,0,0,0
2018-10-09 10:44:00.000,Off,11,1,259,276,0,0,6.27959659001542,0,0,0,0,21,59,23,520,332,300,0
2018-10-09 10:44:00.000,Transition,11,1,259,276,61,0,19.1546339040975,0,61,60,382,21,59,23,520,332,300,1332.63804382263
2018-10-09 10:45:00.000,Transition,11,1,259,256,19,29.698484809835,19.3967351204612,0,21,20,392,21,59,23,520,743,351,1008.94038001856
2018-10-09 10:46:00.000,Transition,11,1,259,256,19,0,19.6154700852839,0,21,20,393,21,59,23,526,736,347,1001.98446397537
2018-10-09 10:47:00.000,Transition,11,1,259,304,19,0,19.4696344769661,0,21,20,392,21,58,23,525,742,348,1007.58245218543
2018-10-09 10:48:00.000,Transition,11,1,259,304,19,0,19.113985571943,0,21,20,390,21,58,21,526,756,348,1021.35572020722
2018-10-09 10:49:00.000,Transition,11,1,259,288,19,0,18.5364505771736,0,21,20,390,21,58,21,526,758,347,1024.05771946702
2018-10-09 10:50:00.000,Transition,11,1,259,272,19,0,17.7153417503963,0,21,20,392,21,58,21,525,763,347,1036.09893668124
2018-10-09 10:51:00.000,Transition,11,1,259,272,19,0,16.6145852925809,0,21,20,392,21,58,21,526,761,348,1033.38308101497
2018-10-09 10:52:00.000,Transition,11,1,259,304,19,0,15.1734417102164,0,21,20,392,21,58,21,525,753,347,1022.5196583499
2018-10-09 10:53:00.000,Transition,11,1,259,304,19,0,13.2815661727072,0,21,20,392,21,58,21,526,752,347,1021.16173051677
2018-10-09 10:54:00.000,38Hz,11,1,259,260,19,0,0,1,21,20,392,21,58,21,525,753,347,1022.5196583499
2018-10-09 10:55:00.000,38Hz,11,1,259,276,19,0,0,1,21,20,392,21,58,21,526,755,348,1025.23551401617
2018-10-09 10:56:00.000,38Hz,11,1,259,276,19,0,0,1,21,20,394,21,58,21,526,754,347,1029.10145141866
2018-10-09 10:57:00.000,38Hz,11,1,259,276,19,0,0,1,21,20,393,21,58,21,525,751,347,1022.4053429966
2018-10-09 10:58:00.000,38Hz,11,1,259,292,19,0,0,1,21,20,393,21,58,21,525,749,348,1019.6825591271
2018-10-09 10:59:00.000,38Hz,11,1,259,292,19,0,0,1,21,20,393,21,58,21,526,754,347,1026.48951880085
2018-10-09 11:00:00.000,38Hz,11,1,259,308,19,0,0,1,21,20,392,21,57,21,526,742,347,1007.58245218543
2018-10-09 11:01:00.000,38Hz,11,1,259,308,19,0,0,1,21,20,392,21,57,21,525,746,348,1013.01416351796
2018-10-09 11:02:00.000,38Hz,11,1,259,292,19,0,0,1,21,20,392,21,57,21,521,745,347,1011.65623568483
2018-10-09 11:03:00.000,38Hz,11,1,259,292,19,0,0,1,21,20,392,21,57,21,526,745,347,1011.65623568483
2018-10-09 11:04:00.000,38Hz,11,1,259,308,19,0,0,1,21,20,393,21,57,21,520,733,347,997.900288171118
2018-10-09 11:05:00.000,38Hz,11,1,259,260,19,0,0,1,21,20,392,21,57,21,520,742,348,1007.58245218543
2018-10-09 11:06:00.000,38Hz,11,1,259,288,19,0,0,1,21,20,392,21,57,21,520,745,348,1011.65623568483
2018-10-09 11:07:00.000,38Hz,11,1,259,276,19,0,0,1,21,20,391,21,57,21,520,740,347,1002.30316132396
2018-10-09 11:08:00.000,38Hz,11,1,259,304,19,0,0,1,21,20,393,21,57,21,520,745,347,1014.23699138811
2018-10-09 11:09:00.000,38Hz,11,1,259,272,19,0,0,1,21,20,391,21,57,21,520,749,347,1014.49333490763
2018-10-09 11:10:00.000,38Hz,11,1,259,272,19,0,0,1,21,20,391,21,57,21,520,739,347,1000.94869759244
2018-10-09 11:11:00.000,38Hz,11,1,259,288,19,0,0,1,21,20,392,21,57,21,520,739,347,1003.50866868603
2018-10-09 11:12:00.000,38Hz,11,1,259,288,19,0,0,1,21,20,390,21,57,21,518,747,347,1009.19672353808
2018-10-09 11:13:00.000,38Hz,11,1,259,288,19,0,0,1,21,20,390,21,56,21,518,752,347,1015.9517216876
2018-10-09 11:14:00.000,38Hz,11,1,259,304,19,0,0,1,21,20,391,21,56,21,520,758,347,1026.6835084913
2018-10-09 11:15:00.000,38Hz,11,1,259,304,19,0,0,1,21,20,393,21,56,21,513,739,347,1006.06863977961
2018-10-09 11:16:00.000,38Hz,11,1,259,256,19,0,0,1,21,20,395,21,56,21,513,726,348,993.400420173054
2018-10-09 11:17:00.000,38Hz,11,1,259,308,19,0,0,1,21,20,395,21,56,21,513,728,347,996.137060449013
2018-10-09 11:18:00.000,38Hz,11,1,259,288,19,0,0,1,21,20,396,21,56,21,513,724,347,993.171789466455
2018-10-09 11:19:00.000,38Hz,11,1,259,276,19,0,0,1,21,20,397,21,56,21,513,732,348,1006.68178576549
2018-10-09 11:20:00.000,38Hz,11,1,259,292,19,0,0,1,21,20,396,21,56,21,513,732,347,1004.14606338321
2018-10-09 11:21:00.000,38Hz,11,1,259,308,19,0,0,1,21,20,396,21,56,21,513,738,348,1012.37676882078
2018-10-09 11:22:00.000,38Hz,11,1,259,292,19,0,0,1,21,20,396,21,56,21,513,737,347,1011.00498458118
2018-10-09 11:23:00.000,38Hz,11,1,259,308,19,0,0,1,21,20,395,21,56,21,513,732,348,1001.61034100093
2018-10-09 11:24:00.000,38Hz,11,1,259,292,19,0,0,1,21,20,395,21,56,21,513,725,347,992.032100035074
2018-10-09 11:25:00.000,38Hz,11,1,259,276,19,0,0,1,21,20,396,21,56,21,513,730,348,1001.40249490402
2018-10-09 11:26:00.000,38Hz,11,1,259,292,19,0,0,1,21,20,398,21,56,21,514,721,348,994.0516712767
2018-10-09 11:27:00.000,38Hz,11,1,259,276,19,0,0,1,21,20,396,21,55,21,513,733,347,1005.51784762281
2018-10-09 11:28:00.000,38Hz,11,1,259,308,19,0,0,1,21,20,394,21,55,23,513,740,348,1009.99346690956
2018-10-09 11:29:00.000,38Hz,11,1,259,256,19,0,0,1,21,20,398,21,55,23,514,733,347,1010.5962205906
2018-10-09 11:30:00.000,38Hz,11,1,259,260,19,0,0,1,21,20,395,21,55,23,513,724,348,990.663779897095
2018-10-09 11:31:00.000,38Hz,11,1,259,288,19,0,0,1,21,20,396,21,55,23,513,723,348,991.80000522686
2018-10-09 11:32:00.000,38Hz,11,1,259,304,19,0,0,1,21,20,398,21,55,23,513,712,347,981.643259291276
2018-10-09 11:33:00.000,38Hz,11,1,259,304,19,0,0,1,21,20,396,21,55,23,513,724,348,993.171789466455
2018-10-09 11:34:00.000,38Hz,11,1,259,304,19,0,0,1,21,20,396,21,55,23,513,718,348,984.941084028887
2018-10-09 11:35:00.000,38Hz,11,1,259,272,19,0,0,1,21,20,396,21,55,23,513,726,347,995.915357945644
2018-10-09 11:36:00.000,38Hz,11,1,259,304,19,0,0,1,21,20,395,21,55,23,513,722,348,987.927139621136
2018-10-09 11:37:00.000,38Hz,11,1,259,288,19,0,0,1,21,20,395,21,55,23,508,733,347,1002.97866113891
2018-10-09 11:38:00.000,38Hz,11,1,259,272,19,0,0,1,21,20,395,21,55,23,513,736,348,1007.08362155285
2018-10-09 11:39:00.000,38Hz,11,1,259,304,19,0,0,1,21,20,396,21,55,23,508,735,348,1008.26141610199
2018-10-09 11:40:00.000,38Hz,11,1,259,256,19,0,0,1,21,20,396,21,55,23,508,736,347,1009.63320034159
2018-10-09 11:41:00.000,38Hz,11,1,259,308,19,0,0,1,21,20,395,21,55,23,508,723,348,989.295459759115
2018-10-09 11:42:00.000,38Hz,11,1,259,256,19,0,0,1,21,20,396,21,55,23,513,712,347,976.71037859132
2018-10-09 11:43:00.000,38Hz,11,1,259,288,19,0,0,1,21,20,398,21,55,23,513,726,348,1000.94523349082
2018-10-09 11:44:00.000,38Hz,11,1,259,288,19,0,0,1,21,20,399,21,55,23,513,712,348,984.109699641254
2018-10-09 11:45:00.000,38Hz,11,1,259,272,19,0,0,1,21,20,398,21,55,23,513,712,347,981.643259291276
2018-10-09 11:46:00.000,38Hz,11,1,259,272,19,0,0,1,21,20,398,21,55,23,508,714,348,984.400684176926
2018-10-09 11:47:00.000,38Hz,11,1,259,256,19,0,0,1,21,20,398,22,55,23,508,726,348,1000.94523349082
2018-10-09 11:48:00.000,38Hz,11,1,259,304,19,0,0,1,21,20,397,22,55,23,508,732,347,1006.68178576549
2018-10-09 11:49:00.000,38Hz,11,1,259,288,19,0,0,1,21,20,396,22,55,23,513,718,348,984.941084028887
2018-10-09 11:50:00.000,38Hz,11,1,259,288,19,0,0,1,21,20,395,22,54,23,506,724,348,990.663779897095
2018-10-09 11:51:00.000,38Hz,11,1,259,288,19,0,0,1,21,20,394,22,55,23,508,723,347,986.790914291371
2018-10-09 11:52:00.000,38Hz,11,1,259,288,19,0,0,1,21,20,393,22,55,23,506,735,347,1000.62307204062
2018-10-09 11:53:00.000,38Hz,11,1,259,272,19,0,0,1,21,20,392,22,54,23,513,743,348,1008.94038001856
2018-10-09 11:54:00.000,38Hz,11,1,259,272,19,0,0,1,21,20,393,22,54,23,508,753,347,1025.1281268661
2018-10-09 11:55:00.000,38Hz,11,1,259,260,19,0,0,1,21,19,393,22,54,23,508,745,347,997.333041531639
2018-10-09 11:56:00.000,38Hz,11,1,259,292,19,0,0,1,21,20,394,22,54,23,508,748,347,1020.91231520048
2018-10-09 11:57:00.000,38Hz,11,1,259,292,19,0,0,1,21,20,393,22,54,23,506,741,348,1008.79142364911
2018-10-09 11:58:00.000,38Hz,11,1,259,276,19,0,0,1,21,20,393,22,54,23,508,739,347,1006.06863977961
2018-10-09 11:59:00.000,38Hz,11,1,259,292,19,0,0,1,21,20,395,22,54,23,508,751,347,1027.60842362254
2018-10-09 12:00:00.000,38Hz,11,1,259,292,19,0,0,1,21,20,394,22,54,23,508,734,348,1001.80433069138
2018-10-09 12:01:00.000,38Hz,11,1,259,276,19,0,0,1,21,20,392,22,54,23,508,740,347,1004.86659651916
2018-10-09 12:02:00.000,38Hz,11,1,259,292,19,0,0,1,21,20,393,22,54,23,506,741,348,1008.79142364911
2018-10-09 12:03:00.000,38Hz,11,1,259,276,19,0,0,1,21,20,393,22,54,23,506,746,347,1015.59838332286
2018-10-09 12:04:00.000,38Hz,11,1,259,308,19,0,0,1,21,20,393,22,54,23,506,750,347,1021.04395106185
2018-10-09 12:05:00.000,38Hz,11,1,259,260,19,0,0,1,21,20,393,22,54,23,508,749,348,1019.6825591271
2018-10-09 12:06:00.000,38Hz,11,1,259,272,19,0,0,1,21,20,393,22,54,23,501,748,348,1018.32116719235
2018-10-09 12:07:00.000,38Hz,11,1,259,276,19,0,0,1,21,20,393,22,54,23,501,743,347,1011.51420751861
2018-10-09 12:08:00.000,38Hz,11,1,259,256,19,0,0,1,21,20,392,22,54,23,501,735,348,998.07695735349
2018-10-09 12:09:00.000,38Hz,11,1,259,292,19,0,0,1,21,20,395,22,54,23,501,732,347,1001.61034100093
2018-10-09 12:10:00.000,38Hz,11,1,259,304,19,0,0,1,21,20,393,22,54,23,496,746,348,1015.59838332286
2018-10-09 12:11:00.000,38Hz,11,1,259,272,19,0,0,1,21,20,393,22,54,23,501,738,347,1004.70724784486
2018-10-09 12:12:00.000,38Hz,11,1,259,272,19,0,0,1,21,20,392,22,54,23,501,745,348,1011.65623568483
2018-10-09 12:13:00.000,38Hz,11,1,259,288,19,0,0,1,21,20,394,22,54,23,501,735,347,1003.16918672774
2018-10-09 12:14:00.000,38Hz,11,1,259,288,19,0,0,1,21,20,395,22,54,23,501,744,348,1018.03018265668
2018-10-09 12:15:00.000,38Hz,11,1,259,272,19,0,0,1,21,19,395,22,54,23,501,738,347,992.98992413166
2018-10-09 12:16:00.000,38Hz,11,1,259,256,19,0,0,1,21,19,392,22,54,23,501,744,348,993.460002720834
2018-10-09 12:17:00.000,38Hz,11,1,259,272,19,0,0,1,21,20,392,22,53,23,501,754,347,1023.87758618304
2018-10-09 12:18:00.000,38Hz,11,1,259,272,19,0,0,1,21,20,391,22,53,23,501,758,347,1026.6835084913
2018-10-09 12:19:00.000,38Hz,11,1,259,276,19,0,0,1,21,20,390,22,53,23,500,751,347,1014.6007220577
2018-10-09 12:20:00.000,38Hz,11,1,259,288,19,0,0,1,21,19,391,22,53,23,501,750,347,998.917001995161
2018-10-09 12:21:00.000,38Hz,11,1,259,276,19,0,0,1,21,19,392,22,53,23,501,762,347,1017.49532536731
2018-10-09 12:22:00.000,38Hz,11,1,259,276,19,0,0,1,21,19,390,22,53,23,501,756,347,1004.33312487043
2018-10-09 12:23:00.000,38Hz,11,1,259,292,19,0,0,1,21,19,390,22,53,23,496,763,347,1013.63250565627
2018-10-09 12:24:00.000,38Hz,11,1,259,292,19,0,0,1,21,19,390,22,53,23,494,754,347,1001.67615893162
2018-10-09 12:25:00.000,38Hz,11,1,259,308,19,0,0,1,21,20,391,22,53,23,494,756,347,1023.97458102826
2018-10-09 12:26:00.000,38Hz,11,1,259,292,19,0,0,1,21,19,390,22,53,23,494,759,347,1008.31857377864
2018-10-09 12:27:00.000,38Hz,11,1,259,304,19,0,0,1,21,20,388,22,53,23,494,767,347,1030.90278425854
2018-10-09 12:28:00.000,38Hz,11,1,259,288,19,0,0,1,21,20,388,22,53,23,494,766,347,1029.55871283186
2018-10-09 12:29:00.000,38Hz,11,1,259,288,19,0,0,1,21,20,391,22,53,23,494,757,347,1025.32904475978
2018-10-09 12:30:00.000,38Hz,11,1,259,304,19,0,0,1,21,20,390,22,53,23,494,758,347,1024.05771946702
2018-10-09 12:31:00.000,38Hz,11,1,259,272,19,0,0,1,21,19,390,22,53,23,494,756,347,1004.33312487043
2018-10-09 12:32:00.000,38Hz,11,1,259,288,19,0,0,1,21,19,392,22,53,23,494,750,347,1001.47177693632
2018-10-09 12:33:00.000,38Hz,11,1,259,276,19,0,0,1,21,19,389,22,53,23,494,761,347,1008.38329474382
2018-10-09 12:34:00.000,38Hz,11,1,259,288,19,0,0,1,21,19,391,22,53,23,494,746,347,993.589444651187
2018-10-09 12:35:00.000,38Hz,11,1,259,308,19,0,0,1,21,20,390,22,53,23,494,756,347,1021.35572020722
2018-10-09 12:36:00.000,38Hz,11,1,259,276,19,0,0,1,21,20,392,22,53,23,494,764,347,1037.45686451438
2018-10-09 12:37:00.000,38Hz,11,1,259,276,19,0,0,1,21,19,388,22,53,23,494,765,347,1011.0777307151
2018-10-09 12:38:00.000,38Hz,11,1,259,292,19,0,0,1,21,19,387,22,53,23,494,759,347,1000.56227705727
2018-10-09 12:39:00.000,38Hz,11,1,259,292,19,0,0,1,21,19,389,22,53,23,494,754,347,999.107758524101
2018-10-09 12:40:00.000,38Hz,11,1,259,276,19,0,0,1,21,19,387,22,53,23,494,766,347,1009.79012414476
2018-10-09 12:41:00.000,38Hz,11,1,259,292,19,0,0,1,21,19,390,22,53,23,494,760,347,1009.64705674805
2018-10-09 12:42:00.000,38Hz,11,1,259,308,19,0,0,1,21,19,389,22,53,23,494,756,346,1001.75791172974
2018-10-09 12:43:00.000,38Hz,11,1,259,292,19,0,0,1,21,19,390,22,53,23,494,763,347,1013.63250565627
2018-10-09 12:44:00.000,38Hz,11,1,259,276,19,0,0,1,21,19,387,22,53,23,494,768,347,1012.42665188404
2018-10-09 12:45:00.000,38Hz,11,1,259,288,19,0,0,1,21,19,388,22,52,23,494,773,347,1021.65109260493
2018-10-09 12:46:00.000,38Hz,11,1,259,276,19,0,0,1,21,19,389,22,52,23,489,763,347,1011.03344794945
2018-10-09 12:47:00.000,38Hz,11,1,259,288,19,0,0,1,21,19,391,22,52,23,489,759,347,1010.9040060191
2018-10-09 12:48:00.000,38Hz,11,1,259,272,19,0,0,1,21,19,388,22,52,23,491,761,347,1005.79104977019
2018-10-09 12:49:00.000,38Hz,11,1,259,256,19,0,0,1,21,20,388,22,52,23,489,760,347,1021.49428427182
2018-10-09 12:50:00.000,38Hz,11,1,259,288,19,0,0,1,21,19,388,22,52,23,489,756,346,999.182698589042
2018-10-09 12:51:00.000,38Hz,11,1,259,272,19,0,0,1,21,19,390,22,52,23,489,754,347,1001.67615893162
2018-10-09 12:52:00.000,38Hz,11,1,259,288,19,0,0,1,21,19,390,22,52,23,489,756,347,1004.33312487043
2018-10-09 12:53:00.000,38Hz,11,1,259,272,19,0,0,1,21,19,390,22,52,23,487,770,347,1022.9318864421
2018-10-09 12:54:00.000,38Hz,11,1,259,304,19,0,0,1,21,19,391,22,52,23,489,763,347,1016.23156336308
2018-10-09 12:55:00.000,38Hz,11,1,259,288,19,0,0,1,21,19,388,22,52,23,489,760,347,1004.46937953396
2018-10-09 12:56:00.000,38Hz,11,1,259,272,19,0,0,1,21,20,390,22,52,23,489,758,347,1024.05771946702
2018-10-09 12:57:00.000,38Hz,11,1,259,272,19,0,0,1,21,20,390,22,52,23,489,760,346,1026.75971872683
2018-10-09 12:58:00.000,38Hz,11,1,259,304,19,0,0,1,21,20,388,22,52,23,489,765,347,1028.21464140519
2018-10-09 12:59:00.000,38Hz,11,1,259,292,19,0,0,1,21,20,390,22,52,23,487,762,347,1029.46171798664
2018-10-09 13:00:00.000,38Hz,11,1,259,288,19,0,0,1,21,19,388,22,52,23,489,766,347,1012.39940095133
2018-10-09 13:01:00.000,38Hz,11,1,259,292,19,0,0,1,21,19,390,22,52,23,487,764,347,1014.96098862567
2018-10-09 13:02:00.000,38Hz,11,1,259,308,19,0,0,1,21,19,388,22,52,23,489,765,347,1011.0777307151
2018-10-09 13:03:00.000,38Hz,11,1,259,308,19,0,0,1,21,19,389,22,52,23,489,770,347,1020.30898416917
2018-10-09 13:04:00.000,38Hz,11,1,259,292,19,0,0,1,21,19,391,22,52,23,489,762,347,1014.89967402708
2018-10-09 13:05:00.000,38Hz,11,1,259,292,19,0,0,1,21,19,390,22,52,23,489,763,346,1013.63250565627
2018-10-09 13:06:00.000,38Hz,11,1,259,292,19,0,0,1,21,19,388,22,52,23,489,773,347,1021.65109260493
2018-10-09 13:07:00.000,38Hz,11,1,259,260,19,0,0,1,21,19,388,22,52,23,489,769,347,1016.36441166002
2018-10-09 13:08:00.000,38Hz,11,1,259,292,19,0,0,1,21,19,388,22,52,23,489,761,347,1005.79104977019
2018-10-09 13:09:00.000,38Hz,11,1,259,260,19,0,0,1,21,19,390,22,52,23,489,766,347,1017.61795456448
2018-10-09 13:10:00.000,38Hz,11,1,259,276,19,0,0,1,21,19,389,22,52,23,489,766,347,1015.00867775791
2018-10-09 13:11:00.000,38Hz,11,1,259,308,19,0,0,1,21,19,389,22,52,23,489,762,347,1009.70837134664
2018-10-09 13:12:00.000,38Hz,11,1,259,276,19,0,0,1,21,19,390,22,52,23,489,760,347,1009.64705674805
2018-10-09 13:13:00.000,38Hz,11,1,259,288,19,0,0,1,21,20,391,23,52,23,487,768,346,1040.22814580649
2018-10-09 13:14:00.000,38Hz,11,1,259,288,19,0,0,1,21,19,388,23,52,23,489,759,348,1003.14770929773
2018-10-09 13:15:00.000,38Hz,11,1,259,304,19,0,0,1,21,19,390,23,52,23,489,754,347,1001.67615893162
2018-10-09 13:16:00.000,38Hz,11,1,259,272,19,0,0,1,21,19,391,23,52,23,487,754,347,1004.24455933913
2018-10-09 13:17:00.000,38Hz,11,1,259,304,19,0,0,1,21,19,392,23,52,23,489,756,347,1009.48355115182
2018-10-09 13:18:00.000,38Hz,11,1,259,272,19,0,0,1,21,19,392,23,52,23,489,752,347,1004.14236834149
2018-10-09 13:19:00.000,38Hz,11,1,259,256,19,0,0,1,21,19,390,23,52,23,489,747,347,992.376778145781
2018-10-09 13:20:00.000,38Hz,11,1,259,304,19,0,0,1,21,19,392,23,52,23,489,759,348,1013.48943825956
2018-10-09 13:21:00.000,38Hz,11,1,259,288,19,0,0,1,21,20,390,23,52,23,489,757,347,1022.70671983712
2018-10-09 13:22:00.000,38Hz,11,1,259,288,19,0,0,1,21,20,390,23,52,23,487,759,347,1025.40871909693
2018-10-09 13:23:00.000,38Hz,11,1,259,304,19,0,0,1,21,19,390,23,52,23,489,749,347,995.033744084591
2018-10-09 13:24:00.000,38Hz,11,1,259,292,19,0,0,1,21,19,389,23,53,23,489,765,347,1013.68360115509
2018-10-09 13:25:00.000,38Hz,11,1,259,292,19,0,0,1,21,19,389,23,53,23,489,752,347,996.457605318467
2018-10-09 13:26:00.000,38Hz,11,1,259,276,19,0,0,1,21,19,388,23,53,23,489,762,347,1007.11272000641
2018-10-09 13:27:00.000,38Hz,11,1,259,276,19,0,0,1,21,19,387,23,53,23,487,761,346,1003.19880479655
2018-10-09 13:28:00.000,38Hz,11,1,259,292,19,0,0,1,21,19,387,23,53,23,489,775,347,1021.65449897152
2018-10-09 13:29:00.000,38Hz,11,1,259,276,19,0,0,1,21,19,390,23,53,23,489,764,347,1014.96098862567
2018-10-09 13:30:00.000,38Hz,11,1,259,276,19,0,0,1,21,19,388,23,53,23,489,760,347,1004.46937953396
2018-10-09 13:31:00.000,38Hz,11,1,259,292,19,0,0,1,21,19,389,23,53,23,489,768,347,1017.65883096354
2018-10-09 13:32:00.000,38Hz,11,1,259,260,19,0,0,1,21,19,388,23,53,23,489,773,347,1021.65109260493
2018-10-09 13:33:00.000,38Hz,11,1,259,292,19,0,0,1,21,19,388,23,53,23,489,768,346,1015.04274142379
2018-10-09 13:34:00.000,38Hz,11,1,259,276,19,0,0,1,21,19,387,23,53,23,489,766,347,1009.79012414476
2018-10-09 13:35:00.000,38Hz,11,1,259,308,19,0,0,1,21,19,388,23,53,23,489,768,346,1015.04274142379
2018-10-09 13:36:00.000,38Hz,11,1,259,292,19,0,0,1,21,19,389,23,53,23,489,748,347,991.157298907198
2018-10-09 13:37:00.000,38Hz,11,1,259,308,19,0,0,1,21,19,387,23,53,23,489,763,347,1005.83533253583
2018-10-09 13:38:00.000,38Hz,11,1,259,304,19,0,0,1,21,19,387,23,53,23,489,763,346,1005.83533253583
2018-10-09 13:39:00.000,38Hz,11,1,259,272,19,0,0,1,21,19,387,23,53,23,489,771,347,1016.38144349296
2018-10-09 13:40:00.000,38Hz,11,1,259,272,19,0,0,1,21,19,385,23,53,23,489,772,347,1012.44027735039
2018-10-09 13:41:00.000,38Hz,11,1,259,272,19,0,0,1,21,19,387,23,53,23,489,764,346,1007.15359640547
2018-10-09 13:42:00.000,38Hz,11,1,259,272,19,0,0,1,21,19,388,23,53,23,489,764,347,1009.75606047887
2018-10-09 13:43:00.000,38Hz,11,1,259,288,19,0,0,1,21,19,387,23,53,23,489,779,347,1026.92755445008
2018-10-09 13:44:00.000,38Hz,11,1,259,288,19,0,0,1,21,19,387,23,53,23,487,765,347,1008.47186027511
2018-10-09 13:45:00.000,38Hz,11,1,259,304,19,0,0,1,21,19,388,23,53,23,489,768,346,1015.04274142379
2018-10-09 13:46:00.000,38Hz,11,1,259,272,19,0,0,1,21,19,387,23,53,23,489,775,347,1021.65449897152
2018-10-09 13:47:00.000,38Hz,11,1,259,288,19,0,0,1,21,19,387,23,53,23,489,774,347,1020.33623510188
2018-10-09 13:48:00.000,38Hz,11,1,259,288,19,0,0,1,21,19,389,23,53,23,489,771,347,1021.63406077199
2018-10-09 13:49:00.000,38Hz,11,1,259,308,19,0,0,1,21,19,388,23,53,23,489,771,347,1019.00775213248
2018-10-09 13:50:00.000,38Hz,11,1,259,292,19,0,0,1,21,19,390,23,53,23,487,770,347,1022.9318864421
2018-10-09 13:51:00.000,38Hz,11,1,259,276,19,0,0,1,21,19,387,23,53,23,489,768,347,1012.42665188404
2018-10-09 13:52:00.000,38Hz,11,1,259,308,19,0,0,1,21,19,387,23,53,23,487,765,347,1008.47186027511
2018-10-09 13:53:00.000,38Hz,11,1,259,308,19,0,0,1,21,19,388,23,53,23,489,768,347,1015.04274142379
2018-10-09 13:54:00.000,38Hz,11,1,259,256,19,0,0,1,21,19,388,23,53,23,489,773,347,1021.65109260493
2018-10-09 13:55:00.000,38Hz,11,1,259,304,19,0,0,1,21,19,390,23,53,23,489,764,347,1014.96098862567
2018-10-09 13:56:00.000,38Hz,11,1,259,272,19,0,0,1,21,19,388,23,53,23,489,776,347,1025.61610331362
2018-10-09 13:57:00.000,38Hz,11,1,259,288,19,0,0,1,21,19,388,23,53,23,489,771,346,1019.00775213248
2018-10-09 13:58:00.000,38Hz,11,1,259,256,19,0,0,1,21,19,387,23,53,23,489,776,348,1022.97276284116
2018-10-09 13:59:00.000,38Hz,11,1,259,288,19,0,0,1,21,19,390,23,53,23,489,767,347,1018.94643753389
2018-10-09 14:00:00.000,38Hz,11,1,259,272,19,0,0,1,21,19,390,23,54,23,489,766,346,1017.61795456448
2018-10-09 14:01:00.000,38Hz,11,1,259,276,19,0,0,1,21,19,388,23,54,23,489,771,348,1019.00775213248
2018-10-09 14:02:00.000,38Hz,11,1,259,276,19,0,0,1,21,19,389,23,54,23,489,765,347,1013.68360115509
2018-10-09 14:03:00.000,38Hz,11,1,259,292,19,0,0,1,21,19,389,23,54,23,489,767,347,1016.33375436072
2018-10-09 14:04:00.000,38Hz,11,1,259,276,19,0,0,1,21,19,389,23,54,23,489,772,347,1022.95913737481
2018-10-09 14:05:00.000,38Hz,11,1,259,276,19,0,0,1,21,19,388,23,54,23,487,766,347,1012.39940095133
2018-10-09 14:06:00.000,38Hz,11,1,259,260,19,0,0,1,21,19,387,23,54,23,487,772,347,1017.6997073626
2018-10-09 14:07:00.000,38Hz,11,1,259,276,19,0,0,1,21,19,387,23,54,23,489,774,347,1020.33623510188
2018-10-09 14:08:00.000,38Hz,11,1,259,308,19,0,0,1,21,19,387,23,54,23,489,766,347,1009.79012414476
2018-10-09 14:09:00.000,38Hz,11,1,259,276,19,0,0,1,21,19,387,23,54,23,489,773,347,1019.01797123224
2018-10-09 14:10:00.000,38Hz,11,1,259,276,19,0,0,1,21,19,387,23,54,23,489,770,347,1015.06317962332
2018-10-09 14:11:00.000,38Hz,11,1,259,272,19,0,0,1,21,19,388,23,54,23,489,766,347,1012.39940095133
2018-10-09 14:12:00.000,38Hz,11,1,259,304,19,0,0,1,21,19,389,23,54,23,489,774,347,1025.60929058044
2018-10-09 14:13:00.000,38Hz,11,1,259,256,19,0,0,1,21,19,389,23,54,23,489,767,347,1016.33375436072
2018-10-09 14:14:00.000,38Hz,11,1,259,288,19,0,0,1,21,19,387,23,54,23,489,765,346,1008.47186027511
2018-10-09 14:15:00.000,38Hz,11,1,259,304,19,0,0,1,21,19,390,23,54,23,484,771,347,1024.26036941151
2018-10-09 14:16:00.000,38Hz,11,1,259,272,19,0,0,1,21,19,390,23,54,23,482,769,347,1021.6034034727
2018-10-09 14:17:00.000,38Hz,11,1,259,288,19,0,0,1,21,19,388,23,54,23,489,752,347,993.896017644126
2018-10-09 14:18:00.000,38Hz,11,1,259,256,19,0,0,1,21,19,390,23,54,23,489,763,347,1013.63250565627
2018-10-09 14:19:00.000,38Hz,11,1,259,304,19,0,0,1,21,19,391,23,54,23,489,756,347,1006.90833801112
2018-10-09 14:20:00.000,38Hz,11,1,259,304,19,0,0,1,21,19,389,23,54,23,489,755,347,1000.43283512692
2018-10-09 14:21:00.000,38Hz,11,1,259,288,19,0,0,1,21,19,388,23,54,23,487,760,347,1004.46937953396
2018-10-09 14:22:00.000,38Hz,11,1,259,288,19,0,0,1,21,19,390,23,54,23,489,762,347,1012.30402268686
2018-10-09 14:23:00.000,38Hz,11,1,259,292,19,0,0,1,21,19,387,23,54,23,489,759,346,1000.56227705727
2018-10-09 14:24:00.000,38Hz,11,1,259,292,19,0,0,1,21,19,390,23,54,23,489,756,347,1004.33312487043
2018-10-09 14:25:00.000,38Hz,11,1,259,308,19,0,0,1,21,19,389,23,54,23,489,765,347,1013.68360115509
2018-10-09 14:26:00.000,38Hz,11,1,259,276,19,0,0,1,21,19,390,23,54,23,489,751,347,997.690710023402
2018-10-09 14:27:00.000,38Hz,11,1,259,308,19,0,0,1,21,19,389,23,54,23,488,757,347,1003.08298833255
2018-10-09 14:28:00.000,38Hz,11,1,259,292,19,0,0,1,21,19,390,23,54,23,487,754,348,1001.67615893162
2018-10-09 14:29:00.000,38Hz,11,1,259,292,19,0,0,1,21,19,388,23,54,23,489,765,347,1011.0777307151
2018-10-09 14:30:00.000,38Hz,11,1,259,292,19,0,0,1,21,19,385,23,54,25,489,762,347,999.325765985747
2018-10-09 14:31:00.000,38Hz,11,1,259,276,19,0,0,1,21,19,388,23,54,23,489,762,347,1007.11272000641
2018-10-09 14:32:00.000,38Hz,11,1,259,276,19,0,0,1,21,19,388,23,54,25,489,761,347,1005.79104977019
2018-10-09 14:33:00.000,38Hz,11,1,259,292,19,0,0,1,21,19,389,23,54,25,489,756,346,1001.75791172974
2018-10-09 14:34:00.000,38Hz,11,1,259,276,19,0,0,1,21,19,385,23,54,25,487,774,347,1015.06317962332
2018-10-09 14:35:00.000,38Hz,11,1,259,308,19,0,0,1,21,19,387,23,54,25,489,768,347,1012.42665188404
2018-10-09 14:36:00.000,38Hz,11,1,259,308,19,0,0,1,21,19,387,24,54,25,489,764,347,1007.15359640547
2018-10-09 14:37:00.000,38Hz,11,1,259,288,19,0,0,1,21,19,387,24,54,25,482,778,347,1025.60929058044
2018-10-09 14:38:00.000,38Hz,11,1,259,288,19,0,0,1,21,19,387,24,54,25,487,779,346,1026.92755445008
2018-10-09 14:39:00.000,38Hz,11,1,259,272,19,0,0,1,21,19,387,24,54,23,489,776,347,1022.97276284116
2018-10-09 14:40:00.000,38Hz,11,1,259,304,19,0,0,1,21,19,388,24,54,23,487,774,347,1022.97276284116
2018-10-09 14:41:00.000,38Hz,11,1,259,288,19,0,0,1,21,19,387,24,54,25,482,772,346,1017.6997073626
2018-10-09 14:42:00.000,38Hz,11,1,259,288,19,0,0,1,21,19,388,24,54,25,489,765,348,1011.0777307151
2018-10-09 14:43:00.000,38Hz,11,1,259,288,19,0,0,1,21,19,388,24,54,25,489,758,346,1001.8260390615
2018-10-09 14:44:00.000,38Hz,11,1,259,288,19,0,0,1,21,19,388,24,54,23,489,763,347,1008.43439024264
2018-10-09 14:45:00.000,38Hz,11,1,259,288,19,0,0,1,21,19,391,24,54,23,487,758,347,1009.57211668311
2018-10-09 14:46:00.000,38Hz,11,1,259,288,19,0,0,1,21,19,390,24,54,25,489,751,347,997.690710023402
2018-10-09 14:47:00.000,38Hz,11,1,259,272,19,0,0,1,21,19,387,24,54,25,489,762,347,1004.51706866619
2018-10-09 14:48:00.000,38Hz,11,1,259,304,19,0,0,1,21,19,388,24,54,25,489,769,347,1016.36441166002
2018-10-09 14:49:00.000,38Hz,11,1,259,272,19,0,0,1,21,19,386,24,54,25,489,770,347,1012.44027735039
2018-10-09 14:50:00.000,38Hz,11,1,259,260,19,0,0,1,21,19,388,24,54,25,482,762,347,1007.11272000641
2018-10-09 14:51:00.000,38Hz,11,1,259,276,19,0,0,1,21,19,387,24,54,25,487,775,346,1021.65449897152
2018-10-09 14:52:00.000,38Hz,11,1,259,276,19,0,0,1,21,19,387,24,54,25,489,768,347,1012.42665188404
2018-10-09 14:53:00.000,38Hz,11,1,259,292,19,0,0,1,21,19,388,24,54,25,489,769,347,1016.36441166002
2018-10-09 14:54:00.000,38Hz,11,1,259,308,19,0,0,1,21,19,388,24,54,25,482,765,347,1011.0777307151
2018-10-09 14:55:00.000,38Hz,11,1,259,292,19,0,0,1,21,19,388,24,54,25,487,761,346,1005.79104977019
2018-10-09 14:56:00.000,38Hz,11,1,259,260,19,0,0,1,21,19,388,24,54,25,482,757,347,1000.50436882527
2018-10-09 14:57:00.000,38Hz,11,1,259,276,19,0,0,1,21,19,387,24,54,25,482,769,347,1013.74491575368
2018-10-09 14:58:00.000,38Hz,11,1,259,292,19,0,0,1,21,19,389,24,54,25,482,763,347,1011.03344794945
2018-10-09 14:59:00.000,38Hz,11,1,259,292,19,0,0,1,21,19,388,24,54,25,487,756,347,999.182698589042
2018-10-09 15:00:00.000,38Hz,11,1,259,276,19,0,0,1,21,19,387,24,54,25,487,759,347,1000.56227705727